{
  "version": "0.10.0",
  "graph": {
    "nodes": [
      {
        "id": "n0",
        "position": {
          "x": 0,
          "y": 0
        },
        "caption": "Person"
      },
      {
        "id": "n1",
        "position": {
          "x": 0,
          "y": 235.57647192657456
        },
        "caption": "City"
      },
      {
        "id": "n2",
        "position": {
          "x": 235.57647192657456,
          "y": 235.57647192657456
        },
        "caption": "Country"
      }
    ],
    "relationships": []
  },
  "dataModel": {
    "fileModel": {
      "fileSchemas": {
        "people_locations.csv": {
          "expanded": true,
          "fields": [
            {
              "name": "id",
              "type": "integer",
              "sample": "1",
              "include": true
            },
            {
              "name": "first_name",
              "type": "string",
              "sample": "Korie Willock",
              "include": true
            },
            {
              "name": "gender",
              "type": "string",
              "sample": "Genderqueer",
              "include": true
            },
            {
              "name": "city",
              "type": "string",
              "sample": "Bassar",
              "include": true
            },
            {
              "name": "country",
              "type": "string",
              "sample": "Togo",
              "include": true
            }
          ]
        }
      }
    },
    "graphModel": {
      "nodeSchemas": {
        "n0": {
          "label": "Person",
          "additionLabels": [],
          "labelProperties": [],
          "properties": [
            {
              "property": "id",
              "type": "integer",
              "identifier": "cikZZM2BIGPgFcunrPswI"
            },
            {
              "property": "first_name",
              "type": "string",
              "identifier": "vhKFftf9NDjqXsMuUtIWp"
            },
            {
              "property": "gender",
              "type": "string",
              "identifier": "E_iZa8JcJRcJuX4a-UZci"
            }
          ],
          "key": {
            "properties": [
              "cikZZM2BIGPgFcunrPswI"
            ]
          }
        },
        "n1": {
          "label": "City",
          "additionLabels": [],
          "labelProperties": [],
          "properties": [
            {
              "property": "city",
              "type": "string",
              "identifier": "K3cd_ik4maOhGnEbQKUxw"
            }
          ],
          "key": {
            "properties": [
              "K3cd_ik4maOhGnEbQKUxw"
            ]
          }
        },
        "n2": {
          "label": "Country",
          "additionLabels": [],
          "labelProperties": [],
          "properties": [
            {
              "property": "country",
              "type": "string",
              "identifier": "y26wUfM_NoKB623kGSN2r"
            }
          ],
          "key": {
            "properties": [
              "y26wUfM_NoKB623kGSN2r"
            ]
          }
        }
      },
      "relationshipSchemas": {}
    },
    "mappingModel": {
      "nodeMappings": {
        "n0": {
          "nodeSchema": "n0",
          "fileSchema": "people_locations.csv",
          "mappings": [
            {
              "field": "id"
            },
            {
              "field": "first_name"
            },
            {
              "field": "gender"
            }
          ]
        },
        "n1": {
          "nodeSchema": "n1",
          "fileSchema": "people_locations.csv",
          "mappings": [
            {
              "field": "city"
            }
          ]
        },
        "n2": {
          "nodeSchema": "n2",
          "fileSchema": "people_locations.csv",
          "mappings": [
            {
              "field": "country"
            }
          ]
        }
      },
      "relationshipMappings": {}
    },
    "configurations": {
      "idsToIgnore": []
    }
  }
}