id,first_name,gender,city,country
1,Korie Willock,Genderqueer,Bassar,Togo
2,Nehemiah Leavesley,Male,Mabay,Philippines
3,Jamal Stares,Male,Motala,Sweden
4,Neils Tumpane,Male,Jianxi,China
5,Niki Boerderman,Male,Aş Şaff,Egypt
6,Ilario Eiler,Male,Ansermanuevo,Colombia
7,Charis Gresty,Female,Springfield,United States
8,Erminia Flukes,Female,Jinniu,China
9,Irena Wigginton,Agender,Efeng,China
10,Thedric Matthewson,Male,Bankaw,Philippines
11,Kandy Beswick,Female,Hats’avan,Armenia
12,Donia Broz,Female,Vairão,Portugal
13,Marcile Middlewick,Female,Borlänge,Sweden
14,Dinnie Neagle,Female,Tebanah,Indonesia
15,Hamlen Domanek,Male,Tamorong,Philippines
16,Cosme Winstanley,Male,Batudulang,Indonesia
17,Alphard Whiteoak,Male,Hengdian,China
18,Arri Welton,Male,Karvia,Finland
19,Carlota Billingsly,Female,Makueni,Kenya
20,Trevar Capin,Male,Lishui,China
21,Mellisa Churching,Female,Louis Trichardt,South Africa
22,Skippie Deason,Non-binary,Laborde,Argentina
23,Peter Caudelier,Male,Żabno,Poland
24,Evie Crowche,Female,Edineţ,Moldova
25,Hiram Hubbis,Male,Baizhang,China
26,Chastity Dykins,Female,Shangcun,China
27,Kellby Klain,Male,Galtek,Indonesia
28,Shaughn Kempstone,Male,San Diego,Colombia
29,Katuscha Seebert,Female,Kungshamn,Sweden
30,Gorden Downes,Male,Pentecoste,Brazil
31,Iver Proughten,Male,Krasnyy Klyuch,Russia
32,Arnie Schwanden,Male,Ualog,Philippines
33,Griswold Maggiore,Male,Massaranduba,Brazil
34,Marten Loads,Male,Murcia,Philippines
35,Dian Calliss,Female,København,Denmark
36,Dani MacCumeskey,Male,Xiakouyi,China
37,Fransisco Cousen,Male,Sho’rchi,Uzbekistan
38,Robenia McKelloch,Female,Brakas,Indonesia
39,Humfried Piegrome,Male,Massaranduba,Brazil
40,Georgena Heggie,Female,Shuyuan,China
41,Opaline Goldsmith,Female,Vynohradiv,Ukraine
42,Tracee Padberry,Female,Stráž nad Nisou,Czech Republic
43,Walliw Marcroft,Female,Novi Sad,Serbia
44,Matt Bolt,Male,Henglan,China
45,Gabie Joselin,Female,Jezzîne,Lebanon
46,Marj Cheake,Female,Kąty Wrocławskie,Poland
47,Hilliard Kinnach,Polygender,Zhiqing Songduo,China
48,Burty Roller,Agender,Buenavista,Colombia
49,Cinnamon Marages,Female,Anqing,China
50,Wilone Gritton,Female,Yunchi,China
51,Demetre O'Mannion,Male,Shyroke,Ukraine
52,Allistir Chezelle,Male,Vikhorevka,Russia
53,Augustine Geater,Female,Göteborg,Sweden
54,Mireielle Shirland,Female,Dahua,China
55,Josefa Carroll,Non-binary,Meixi,China
56,Cly Bedham,Male,Payao,Philippines
57,Wes Haythornthwaite,Male,Versailles,France
58,Norton Loddon,Male,Göteborg,Sweden
59,Desi Revely,Male,Xijiao,China
60,Gard Wolfendale,Male,Czarna,Poland
61,Ileane Gouth,Female,Stockholm,Sweden
62,Stefano Gobourn,Non-binary,Razumnoye,Russia
63,Prentice Pawson,Male,Frederiksberg,Denmark
64,Gibb Sanford,Male,Shabel’skoye,Russia
65,Bryna MacCoveney,Female,Syevyerodonets’k,Ukraine
66,Deeyn Treharne,Female,Menuma,Japan
67,Barbette Stedman,Female,Nanshi,China
68,Janaya Varrow,Female,Bonneuil-sur-Marne,France
69,Spencer MacIlraith,Male,Tancheng,China
70,Lauralee Ever,Female,Sim,Russia
71,Nanon Boodell,Female,Paagahan,Philippines
72,Meaghan Marston,Female,Gaibei,China
73,Theo Melly,Female,Pandansari,Indonesia
74,Eldin Favell,Male,Kup,Poland
75,Therine Cinnamond,Female,Krajan Timur Suger Kidul,Indonesia
76,Fraze Baroux,Male,El Congo,El Salvador
77,Carlin Sinisbury,Male,Girey,Russia
78,Davon Butterly,Male,Mangli,Indonesia
79,Reggis Kohter,Non-binary,Rābigh,Saudi Arabia
80,Cristina McFadzean,Female,Concepción,Paraguay
81,Vincent Skinner,Male,Jammāl,Tunisia
82,Rosalinde Breedy,Female,Hedi,China
83,Fredric Kemp,Male,Oslo,Norway
84,Rayna Learmond,Female,Baini,China
85,Jacynth Spirit,Female,Vidyayevo,Russia
86,Nicolea Bail,Female,Osypenko,Ukraine
87,Eberhard Napoli,Male,Liuyuan,China
88,Tildi Kilgallon,Female,Jinji,China
89,Pet Karolovsky,Female,Могила,Macedonia
90,Vidovic Swepson,Male,Padangtiji,Indonesia
91,Damiano Kennaway,Male,La Huerta,Mexico
92,Alfreda Brantzen,Female,Wang Chan,Thailand
93,Elga Seabrocke,Female,Kaliska,Poland
94,Iolanthe Suttie,Female,Nangalimang,Indonesia
95,Krisha Landrean,Male,Marseille,France
96,Joseito Spincks,Male,Yajiang,China
97,Allayne MacGillivrie,Non-binary,Qianguo,China
98,Bibbye Portwaine,Female,Daru,Sierra Leone
99,Eliot Wrack,Male,Nocaima,Colombia
100,Jorgan Benedidick,Male,Beiyang,China
